"Old","New","Path"
"屏幕截图 2025-08-18 173033.png","Screenshot_20250818_173033.png","D:\A_Mycomputer\图片\Screenshots\屏幕截图 2025-08-18 173033.png"
"屏幕截图 2025-08-18 234355.png","Screenshot_20250818_234355.png","D:\A_Mycomputer\图片\Screenshots\屏幕截图 2025-08-18 234355.png"
"屏幕截图 2025-08-22 154821.png","Screenshot_20250822_154821.png","D:\A_Mycomputer\图片\Screenshots\屏幕截图 2025-08-22 154821.png"
"屏幕截图 2025-08-22 211826.png","Screenshot_20250822_211826.png","D:\A_Mycomputer\图片\Screenshots\屏幕截图 2025-08-22 211826.png"
"屏幕截图 2025-08-23 100334.png","Screenshot_20250823_100334.png","D:\A_Mycomputer\图片\Screenshots\屏幕截图 2025-08-23 100334.png"
"屏幕截图 2025-08-24 110702.png","Screenshot_20250824_110702.png","D:\A_Mycomputer\图片\Screenshots\屏幕截图 2025-08-24 110702.png"
"屏幕截图 2025-08-24 200206.png","Screenshot_20250824_200206.png","D:\A_Mycomputer\图片\Screenshots\屏幕截图 2025-08-24 200206.png"
"屏幕截图 2025-08-24 200219.png","Screenshot_20250824_200219.png","D:\A_Mycomputer\图片\Screenshots\屏幕截图 2025-08-24 200219.png"
"屏幕截图 2025-08-24 201415.png","Screenshot_20250824_201415.png","D:\A_Mycomputer\图片\Screenshots\屏幕截图 2025-08-24 201415.png"
"屏幕截图 2025-08-24 201430.png","Screenshot_20250824_201430.png","D:\A_Mycomputer\图片\Screenshots\屏幕截图 2025-08-24 201430.png"
"屏幕截图 2025-08-24 210425.png","Screenshot_20250824_210425.png","D:\A_Mycomputer\图片\Screenshots\屏幕截图 2025-08-24 210425.png"
"屏幕截图 2025-08-26 114855.png","Screenshot_20250826_114855.png","D:\A_Mycomputer\图片\Screenshots\屏幕截图 2025-08-26 114855.png"
"屏幕截图 2025-09-08 224602.png","Screenshot_20250908_224602.png","D:\A_Mycomputer\图片\Screenshots\屏幕截图 2025-09-08 224602.png"
"屏幕截图 2025-09-09 210832.png","Screenshot_20250909_210832.png","D:\A_Mycomputer\图片\Screenshots\屏幕截图 2025-09-09 210832.png"
"屏幕截图 2025-09-09 211331.png","Screenshot_20250909_211331.png","D:\A_Mycomputer\图片\Screenshots\屏幕截图 2025-09-09 211331.png"
"屏幕截图 2025-09-09 211344.png","Screenshot_20250909_211344.png","D:\A_Mycomputer\图片\Screenshots\屏幕截图 2025-09-09 211344.png"
"屏幕截图 2025-09-09 211356.png","Screenshot_20250909_211356.png","D:\A_Mycomputer\图片\Screenshots\屏幕截图 2025-09-09 211356.png"
"屏幕截图 2025-09-09 211406.png","Screenshot_20250909_211406.png","D:\A_Mycomputer\图片\Screenshots\屏幕截图 2025-09-09 211406.png"
"屏幕截图 2025-09-09 211412.png","Screenshot_20250909_211412.png","D:\A_Mycomputer\图片\Screenshots\屏幕截图 2025-09-09 211412.png"
"屏幕截图 2025-09-09 211421.png","Screenshot_20250909_211421.png","D:\A_Mycomputer\图片\Screenshots\屏幕截图 2025-09-09 211421.png"
"屏幕截图 2025-09-09 211428.png","Screenshot_20250909_211428.png","D:\A_Mycomputer\图片\Screenshots\屏幕截图 2025-09-09 211428.png"
"屏幕截图 2025-09-09 211441.png","Screenshot_20250909_211441.png","D:\A_Mycomputer\图片\Screenshots\屏幕截图 2025-09-09 211441.png"
"屏幕截图 2025-09-09 211447.png","Screenshot_20250909_211447.png","D:\A_Mycomputer\图片\Screenshots\屏幕截图 2025-09-09 211447.png"
"屏幕截图 2025-09-09 211453.png","Screenshot_20250909_211453.png","D:\A_Mycomputer\图片\Screenshots\屏幕截图 2025-09-09 211453.png"
"屏幕截图 2025-09-09 211458.png","Screenshot_20250909_211458.png","D:\A_Mycomputer\图片\Screenshots\屏幕截图 2025-09-09 211458.png"
"屏幕截图 2025-09-09 211504.png","Screenshot_20250909_211504.png","D:\A_Mycomputer\图片\Screenshots\屏幕截图 2025-09-09 211504.png"
"屏幕截图 2025-09-09 211509.png","Screenshot_20250909_211509.png","D:\A_Mycomputer\图片\Screenshots\屏幕截图 2025-09-09 211509.png"
"屏幕截图 2025-09-09 211515.png","Screenshot_20250909_211515.png","D:\A_Mycomputer\图片\Screenshots\屏幕截图 2025-09-09 211515.png"
"屏幕截图 2025-09-09 211520.png","Screenshot_20250909_211520.png","D:\A_Mycomputer\图片\Screenshots\屏幕截图 2025-09-09 211520.png"
"屏幕截图 2025-09-09 211525.png","Screenshot_20250909_211525.png","D:\A_Mycomputer\图片\Screenshots\屏幕截图 2025-09-09 211525.png"
"屏幕截图 2025-09-09 211530.png","Screenshot_20250909_211530.png","D:\A_Mycomputer\图片\Screenshots\屏幕截图 2025-09-09 211530.png"
"屏幕截图 2025-09-09 214427.png","Screenshot_20250909_214427.png","D:\A_Mycomputer\图片\Screenshots\屏幕截图 2025-09-09 214427.png"
"屏幕截图 2025-09-09 214709.png","Screenshot_20250909_214709.png","D:\A_Mycomputer\图片\Screenshots\屏幕截图 2025-09-09 214709.png"
"屏幕截图 2025-09-14 093418.png","Screenshot_20250914_093418.png","D:\A_Mycomputer\图片\Screenshots\屏幕截图 2025-09-14 093418.png"
"屏幕截图 2025-09-14 231504.png","Screenshot_20250914_231504.png","D:\A_Mycomputer\图片\Screenshots\屏幕截图 2025-09-14 231504.png"
"屏幕截图 2025-09-14 232337.png","Screenshot_20250914_232337.png","D:\A_Mycomputer\图片\Screenshots\屏幕截图 2025-09-14 232337.png"
"屏幕截图 2025-09-14 233120.png","Screenshot_20250914_233120.png","D:\A_Mycomputer\图片\Screenshots\屏幕截图 2025-09-14 233120.png"
"屏幕截图 2025-09-15 084902.png","Screenshot_20250915_084902.png","D:\A_Mycomputer\图片\Screenshots\屏幕截图 2025-09-15 084902.png"
"屏幕截图 2025-09-15 212159.png","Screenshot_20250915_212159.png","D:\A_Mycomputer\图片\Screenshots\屏幕截图 2025-09-15 212159.png"
"屏幕截图 2025-09-21 215317.png","Screenshot_20250921_215317.png","D:\A_Mycomputer\图片\Screenshots\屏幕截图 2025-09-21 215317.png"
"屏幕截图 2025-09-22 183608.png","Screenshot_20250922_183608.png","D:\A_Mycomputer\图片\Screenshots\屏幕截图 2025-09-22 183608.png"
"屏幕截图 2025-09-22 183802.png","Screenshot_20250922_183802.png","D:\A_Mycomputer\图片\Screenshots\屏幕截图 2025-09-22 183802.png"
"屏幕截图 2025-09-22 184143.png","Screenshot_20250922_184143.png","D:\A_Mycomputer\图片\Screenshots\屏幕截图 2025-09-22 184143.png"
"屏幕截图 2025-09-22 202859.png","Screenshot_20250922_202859.png","D:\A_Mycomputer\图片\Screenshots\屏幕截图 2025-09-22 202859.png"
"屏幕截图 2025-09-23 131411.png","Screenshot_20250923_131411.png","D:\A_Mycomputer\图片\Screenshots\屏幕截图 2025-09-23 131411.png"
"屏幕截图 2025-09-23 162101.png","Screenshot_20250923_162101.png","D:\A_Mycomputer\图片\Screenshots\屏幕截图 2025-09-23 162101.png"
"屏幕截图 2025-09-23 162111.png","Screenshot_20250923_162111.png","D:\A_Mycomputer\图片\Screenshots\屏幕截图 2025-09-23 162111.png"
"屏幕截图 2025-09-23 210550.png","Screenshot_20250923_210550.png","D:\A_Mycomputer\图片\Screenshots\屏幕截图 2025-09-23 210550.png"
"屏幕截图 2025-09-23 211604.png","Screenshot_20250923_211604.png","D:\A_Mycomputer\图片\Screenshots\屏幕截图 2025-09-23 211604.png"
"屏幕截图 2025-09-24 100427.png","Screenshot_20250924_100427.png","D:\A_Mycomputer\图片\Screenshots\屏幕截图 2025-09-24 100427.png"
"屏幕截图 2025-09-24 102712.png","Screenshot_20250924_102712.png","D:\A_Mycomputer\图片\Screenshots\屏幕截图 2025-09-24 102712.png"
"屏幕截图 2025-09-25 215405.png","Screenshot_20250925_215405.png","D:\A_Mycomputer\图片\Screenshots\屏幕截图 2025-09-25 215405.png"
"屏幕截图 2025-09-28 180355.png","Screenshot_20250928_180355.png","D:\A_Mycomputer\图片\Screenshots\屏幕截图 2025-09-28 180355.png"
"屏幕截图 2025-09-30 200804.png","Screenshot_20250930_200804.png","D:\A_Mycomputer\图片\Screenshots\屏幕截图 2025-09-30 200804.png"
"屏幕截图 2025-10-05 195734.png","Screenshot_20251005_195734.png","D:\A_Mycomputer\图片\Screenshots\屏幕截图 2025-10-05 195734.png"
"屏幕截图 2025-10-05 195831.png","Screenshot_20251005_195831.png","D:\A_Mycomputer\图片\Screenshots\屏幕截图 2025-10-05 195831.png"
"屏幕截图 2025-10-05 200038.png","Screenshot_20251005_200038.png","D:\A_Mycomputer\图片\Screenshots\屏幕截图 2025-10-05 200038.png"
"屏幕截图 2025-10-06 204659.png","Screenshot_20251006_204659.png","D:\A_Mycomputer\图片\Screenshots\屏幕截图 2025-10-06 204659.png"
"屏幕截图 2025-10-08 230120.png","Screenshot_20251008_230120.png","D:\A_Mycomputer\图片\Screenshots\屏幕截图 2025-10-08 230120.png"
"屏幕截图 2025-10-12 114331.png","Screenshot_20251012_114331.png","D:\A_Mycomputer\图片\Screenshots\屏幕截图 2025-10-12 114331.png"
"屏幕截图 2025-10-12 115111.png","Screenshot_20251012_115111.png","D:\A_Mycomputer\图片\Screenshots\屏幕截图 2025-10-12 115111.png"
"屏幕截图 2025-10-12 115119.png","Screenshot_20251012_115119.png","D:\A_Mycomputer\图片\Screenshots\屏幕截图 2025-10-12 115119.png"
"屏幕截图 2025-10-12 215829.png","Screenshot_20251012_215829.png","D:\A_Mycomputer\图片\Screenshots\屏幕截图 2025-10-12 215829.png"
"屏幕截图 2025-10-12 223302.png","Screenshot_20251012_223302.png","D:\A_Mycomputer\图片\Screenshots\屏幕截图 2025-10-12 223302.png"
"屏幕截图 2025-10-13 103157.png","Screenshot_20251013_103157.png","D:\A_Mycomputer\图片\Screenshots\屏幕截图 2025-10-13 103157.png"
"屏幕截图 2025-10-13 225744.png","Screenshot_20251013_225744.png","D:\A_Mycomputer\图片\Screenshots\屏幕截图 2025-10-13 225744.png"
"屏幕截图 2025-10-16 155341.png","Screenshot_20251016_155341.png","D:\A_Mycomputer\图片\Screenshots\屏幕截图 2025-10-16 155341.png"
"屏幕截图 2025-10-16 155419.png","Screenshot_20251016_155419.png","D:\A_Mycomputer\图片\Screenshots\屏幕截图 2025-10-16 155419.png"
"屏幕截图 2025-10-18 205035.png","Screenshot_20251018_205035.png","D:\A_Mycomputer\图片\Screenshots\屏幕截图 2025-10-18 205035.png"
"屏幕截图 2025-10-18 215116.png","Screenshot_20251018_215116.png","D:\A_Mycomputer\图片\Screenshots\屏幕截图 2025-10-18 215116.png"
"屏幕截图 2025-10-18 215140.png","Screenshot_20251018_215140.png","D:\A_Mycomputer\图片\Screenshots\屏幕截图 2025-10-18 215140.png"
"屏幕截图 2025-10-18 215202.png","Screenshot_20251018_215202.png","D:\A_Mycomputer\图片\Screenshots\屏幕截图 2025-10-18 215202.png"
"屏幕截图 2025-10-18 215523.png","Screenshot_20251018_215523.png","D:\A_Mycomputer\图片\Screenshots\屏幕截图 2025-10-18 215523.png"
"屏幕截图 2025-10-19 101759.png","Screenshot_20251019_101759.png","D:\A_Mycomputer\图片\Screenshots\屏幕截图 2025-10-19 101759.png"
"屏幕截图 2025-10-19 101825.png","Screenshot_20251019_101825.png","D:\A_Mycomputer\图片\Screenshots\屏幕截图 2025-10-19 101825.png"
"屏幕截图 2025-10-19 221313.png","Screenshot_20251019_221313.png","D:\A_Mycomputer\图片\Screenshots\屏幕截图 2025-10-19 221313.png"
"屏幕截图 2025-10-19 221342.png","Screenshot_20251019_221342.png","D:\A_Mycomputer\图片\Screenshots\屏幕截图 2025-10-19 221342.png"
"屏幕截图 2025-10-19 221355.png","Screenshot_20251019_221355.png","D:\A_Mycomputer\图片\Screenshots\屏幕截图 2025-10-19 221355.png"
"屏幕截图 2025-10-19 221439.png","Screenshot_20251019_221439.png","D:\A_Mycomputer\图片\Screenshots\屏幕截图 2025-10-19 221439.png"
"屏幕截图 2025-10-19 221517.png","Screenshot_20251019_221517.png","D:\A_Mycomputer\图片\Screenshots\屏幕截图 2025-10-19 221517.png"
"屏幕截图 2025-10-19 221546.png","Screenshot_20251019_221546.png","D:\A_Mycomputer\图片\Screenshots\屏幕截图 2025-10-19 221546.png"
"屏幕截图 2025-10-19 221707.png","Screenshot_20251019_221707.png","D:\A_Mycomputer\图片\Screenshots\屏幕截图 2025-10-19 221707.png"
"屏幕截图 2025-10-19 221811.png","Screenshot_20251019_221811.png","D:\A_Mycomputer\图片\Screenshots\屏幕截图 2025-10-19 221811.png"
"屏幕截图 2025-10-19 224803.png","Screenshot_20251019_224803.png","D:\A_Mycomputer\图片\Screenshots\屏幕截图 2025-10-19 224803.png"
"屏幕截图 2025-10-21 205740.png","Screenshot_20251021_205740.png","D:\A_Mycomputer\图片\Screenshots\屏幕截图 2025-10-21 205740.png"
"屏幕截图 2025-10-29 165706.png","Screenshot_20251029_165706.png","D:\A_Mycomputer\图片\Screenshots\屏幕截图 2025-10-29 165706.png"
"屏幕截图 2025-10-29 165826.png","Screenshot_20251029_165826.png","D:\A_Mycomputer\图片\Screenshots\屏幕截图 2025-10-29 165826.png"
"屏幕截图 2025-10-29 225447.png","Screenshot_20251029_225447.png","D:\A_Mycomputer\图片\Screenshots\屏幕截图 2025-10-29 225447.png"
"屏幕截图 2025-10-29 230144.png","Screenshot_20251029_230144.png","D:\A_Mycomputer\图片\Screenshots\屏幕截图 2025-10-29 230144.png"
"屏幕截图 2025-11-05 173348.png","Screenshot_20251105_173348.png","D:\A_Mycomputer\图片\Screenshots\屏幕截图 2025-11-05 173348.png"
"屏幕截图 2025-11-09 105328.png","Screenshot_20251109_105328.png","D:\A_Mycomputer\图片\Screenshots\屏幕截图 2025-11-09 105328.png"
"屏幕截图 2025-11-09 105342.png","Screenshot_20251109_105342.png","D:\A_Mycomputer\图片\Screenshots\屏幕截图 2025-11-09 105342.png"
"屏幕截图 2025-11-09 105352.png","Screenshot_20251109_105352.png","D:\A_Mycomputer\图片\Screenshots\屏幕截图 2025-11-09 105352.png"
"屏幕截图 2025-11-09 105406.png","Screenshot_20251109_105406.png","D:\A_Mycomputer\图片\Screenshots\屏幕截图 2025-11-09 105406.png"
"屏幕截图 2025-11-09 105424.png","Screenshot_20251109_105424.png","D:\A_Mycomputer\图片\Screenshots\屏幕截图 2025-11-09 105424.png"
"屏幕截图 2025-11-09 105436.png","Screenshot_20251109_105436.png","D:\A_Mycomputer\图片\Screenshots\屏幕截图 2025-11-09 105436.png"
"屏幕截图 2025-11-10 213833.png","Screenshot_20251110_213833.png","D:\A_Mycomputer\图片\Screenshots\屏幕截图 2025-11-10 213833.png"
"屏幕截图 2025-11-10 214352.png","Screenshot_20251110_214352.png","D:\A_Mycomputer\图片\Screenshots\屏幕截图 2025-11-10 214352.png"
"屏幕截图 2025-11-10 214656.png","Screenshot_20251110_214656.png","D:\A_Mycomputer\图片\Screenshots\屏幕截图 2025-11-10 214656.png"
"屏幕截图 2025-11-10 214944.png","Screenshot_20251110_214944.png","D:\A_Mycomputer\图片\Screenshots\屏幕截图 2025-11-10 214944.png"
"屏幕截图 2025-11-10 215258.png","Screenshot_20251110_215258.png","D:\A_Mycomputer\图片\Screenshots\屏幕截图 2025-11-10 215258.png"
"屏幕截图 2025-11-10 215640.png","Screenshot_20251110_215640.png","D:\A_Mycomputer\图片\Screenshots\屏幕截图 2025-11-10 215640.png"
"屏幕截图 2025-11-10 215935.png","Screenshot_20251110_215935.png","D:\A_Mycomputer\图片\Screenshots\屏幕截图 2025-11-10 215935.png"
"屏幕截图 2025-11-10 220013.png","Screenshot_20251110_220013.png","D:\A_Mycomputer\图片\Screenshots\屏幕截图 2025-11-10 220013.png"
"屏幕截图 2025-11-11 160946.png","Screenshot_20251111_160946.png","D:\A_Mycomputer\图片\Screenshots\屏幕截图 2025-11-11 160946.png"
"屏幕截图 2025-11-11 161701.png","Screenshot_20251111_161701.png","D:\A_Mycomputer\图片\Screenshots\屏幕截图 2025-11-11 161701.png"
"屏幕截图 2025-11-14 092919.png","Screenshot_20251114_092919.png","D:\A_Mycomputer\图片\Screenshots\屏幕截图 2025-11-14 092919.png"
"屏幕截图 2025-11-20 151529.png","Screenshot_20251120_151529.png","D:\A_Mycomputer\图片\Screenshots\屏幕截图 2025-11-20 151529.png"
"屏幕截图 2025-11-20 152046.png","Screenshot_20251120_152046.png","D:\A_Mycomputer\图片\Screenshots\屏幕截图 2025-11-20 152046.png"
"屏幕截图 2025-11-20 152240.png","Screenshot_20251120_152240.png","D:\A_Mycomputer\图片\Screenshots\屏幕截图 2025-11-20 152240.png"
"屏幕截图 2025-11-20 152300.png","Screenshot_20251120_152300.png","D:\A_Mycomputer\图片\Screenshots\屏幕截图 2025-11-20 152300.png"
"屏幕截图 2025-11-20 152428.png","Screenshot_20251120_152428.png","D:\A_Mycomputer\图片\Screenshots\屏幕截图 2025-11-20 152428.png"
"屏幕截图 2025-11-20 152444.png","Screenshot_20251120_152444.png","D:\A_Mycomputer\图片\Screenshots\屏幕截图 2025-11-20 152444.png"
"屏幕截图 2025-11-20 225636.png","Screenshot_20251120_225636.png","D:\A_Mycomputer\图片\Screenshots\屏幕截图 2025-11-20 225636.png"
"屏幕截图 2025-11-21 122118.png","Screenshot_20251121_122118.png","D:\A_Mycomputer\图片\Screenshots\屏幕截图 2025-11-21 122118.png"
"屏幕截图 2025-11-21 122145.png","Screenshot_20251121_122145.png","D:\A_Mycomputer\图片\Screenshots\屏幕截图 2025-11-21 122145.png"
"屏幕截图 2025-11-21 122213.png","Screenshot_20251121_122213.png","D:\A_Mycomputer\图片\Screenshots\屏幕截图 2025-11-21 122213.png"
"屏幕截图 2025-11-21 122224.png","Screenshot_20251121_122224.png","D:\A_Mycomputer\图片\Screenshots\屏幕截图 2025-11-21 122224.png"
"屏幕截图 2025-11-22 151432.png","Screenshot_20251122_151432.png","D:\A_Mycomputer\图片\Screenshots\屏幕截图 2025-11-22 151432.png"
"屏幕截图 2025-11-26 160626.png","Screenshot_20251126_160626.png","D:\A_Mycomputer\图片\Screenshots\屏幕截图 2025-11-26 160626.png"
"屏幕截图 2025-11-26 201649.png","Screenshot_20251126_201649.png","D:\A_Mycomputer\图片\Screenshots\屏幕截图 2025-11-26 201649.png"
"屏幕截图 2025-11-26 201819.png","Screenshot_20251126_201819.png","D:\A_Mycomputer\图片\Screenshots\屏幕截图 2025-11-26 201819.png"
"屏幕截图 2025-11-26 201855.png","Screenshot_20251126_201855.png","D:\A_Mycomputer\图片\Screenshots\屏幕截图 2025-11-26 201855.png"
"屏幕截图 2025-11-26 202559.png","Screenshot_20251126_202559.png","D:\A_Mycomputer\图片\Screenshots\屏幕截图 2025-11-26 202559.png"
"屏幕截图 2025-11-26 202729.png","Screenshot_20251126_202729.png","D:\A_Mycomputer\图片\Screenshots\屏幕截图 2025-11-26 202729.png"
"屏幕截图 2025-11-26 202801.png","Screenshot_20251126_202801.png","D:\A_Mycomputer\图片\Screenshots\屏幕截图 2025-11-26 202801.png"
"屏幕截图 2025-11-26 202945.png","Screenshot_20251126_202945.png","D:\A_Mycomputer\图片\Screenshots\屏幕截图 2025-11-26 202945.png"
"屏幕截图 2025-11-26 203030.png","Screenshot_20251126_203030.png","D:\A_Mycomputer\图片\Screenshots\屏幕截图 2025-11-26 203030.png"
"屏幕截图 2025-11-26 205630.png","Screenshot_20251126_205630.png","D:\A_Mycomputer\图片\Screenshots\屏幕截图 2025-11-26 205630.png"
"屏幕截图 2025-11-26 205644.png","Screenshot_20251126_205644.png","D:\A_Mycomputer\图片\Screenshots\屏幕截图 2025-11-26 205644.png"
"屏幕截图 2025-11-26 211651.png","Screenshot_20251126_211651.png","D:\A_Mycomputer\图片\Screenshots\屏幕截图 2025-11-26 211651.png"
"屏幕截图 2025-11-26 211738.png","Screenshot_20251126_211738.png","D:\A_Mycomputer\图片\Screenshots\屏幕截图 2025-11-26 211738.png"
"屏幕截图 2025-11-26 212009.png","Screenshot_20251126_212009.png","D:\A_Mycomputer\图片\Screenshots\屏幕截图 2025-11-26 212009.png"
"屏幕截图 2025-11-26 212035.png","Screenshot_20251126_212035.png","D:\A_Mycomputer\图片\Screenshots\屏幕截图 2025-11-26 212035.png"
"屏幕截图 2025-11-26 222430.png","Screenshot_20251126_222430.png","D:\A_Mycomputer\图片\Screenshots\屏幕截图 2025-11-26 222430.png"
"屏幕截图 2025-11-26 222655.png","Screenshot_20251126_222655.png","D:\A_Mycomputer\图片\Screenshots\屏幕截图 2025-11-26 222655.png"
"屏幕截图 2025-11-29 190914.png","Screenshot_20251129_190914.png","D:\A_Mycomputer\图片\Screenshots\屏幕截图 2025-11-29 190914.png"
"屏幕截图 2025-11-29 190959.png","Screenshot_20251129_190959.png","D:\A_Mycomputer\图片\Screenshots\屏幕截图 2025-11-29 190959.png"
"屏幕截图 2025-12-03 175435.png","Screenshot_20251203_175435.png","D:\A_Mycomputer\图片\Screenshots\屏幕截图 2025-12-03 175435.png"
"屏幕截图 2025-12-03 180030.png","Screenshot_20251203_180030.png","D:\A_Mycomputer\图片\Screenshots\屏幕截图 2025-12-03 180030.png"
"屏幕截图 2025-12-05 100647.png","Screenshot_20251205_100647.png","D:\A_Mycomputer\图片\Screenshots\屏幕截图 2025-12-05 100647.png"
"屏幕截图 2025-12-05 103103.png","Screenshot_20251205_103103.png","D:\A_Mycomputer\图片\Screenshots\屏幕截图 2025-12-05 103103.png"
"屏幕截图 2025-12-05 103248.png","Screenshot_20251205_103248.png","D:\A_Mycomputer\图片\Screenshots\屏幕截图 2025-12-05 103248.png"
"屏幕截图 2025-12-07 161038.png","Screenshot_20251207_161038.png","D:\A_Mycomputer\图片\Screenshots\屏幕截图 2025-12-07 161038.png"
"屏幕截图 2025-12-07 161121.png","Screenshot_20251207_161121.png","D:\A_Mycomputer\图片\Screenshots\屏幕截图 2025-12-07 161121.png"
"屏幕截图 2025-12-07 161229.png","Screenshot_20251207_161229.png","D:\A_Mycomputer\图片\Screenshots\屏幕截图 2025-12-07 161229.png"
"屏幕截图 2025-12-07 171916.png","Screenshot_20251207_171916.png","D:\A_Mycomputer\图片\Screenshots\屏幕截图 2025-12-07 171916.png"
"屏幕截图 2025-12-07 171940.png","Screenshot_20251207_171940.png","D:\A_Mycomputer\图片\Screenshots\屏幕截图 2025-12-07 171940.png"
"屏幕截图 2025-12-07 172000.png","Screenshot_20251207_172000.png","D:\A_Mycomputer\图片\Screenshots\屏幕截图 2025-12-07 172000.png"
"屏幕截图 2025-12-07 173000.png","Screenshot_20251207_173000.png","D:\A_Mycomputer\图片\Screenshots\屏幕截图 2025-12-07 173000.png"
"屏幕截图 2025-12-07 174023.png","Screenshot_20251207_174023.png","D:\A_Mycomputer\图片\Screenshots\屏幕截图 2025-12-07 174023.png"
"屏幕截图 2025-12-07 174116.png","Screenshot_20251207_174116.png","D:\A_Mycomputer\图片\Screenshots\屏幕截图 2025-12-07 174116.png"
"屏幕截图 2025-12-07 214231.png","Screenshot_20251207_214231.png","D:\A_Mycomputer\图片\Screenshots\屏幕截图 2025-12-07 214231.png"
"屏幕截图 2025-12-09 105752.png","Screenshot_20251209_105752.png","D:\A_Mycomputer\图片\Screenshots\屏幕截图 2025-12-09 105752.png"
"屏幕截图 2025-12-09 110033.png","Screenshot_20251209_110033.png","D:\A_Mycomputer\图片\Screenshots\屏幕截图 2025-12-09 110033.png"
"屏幕截图 2025-12-09 110055.png","Screenshot_20251209_110055.png","D:\A_Mycomputer\图片\Screenshots\屏幕截图 2025-12-09 110055.png"
"屏幕截图 2025-12-09 110133.png","Screenshot_20251209_110133.png","D:\A_Mycomputer\图片\Screenshots\屏幕截图 2025-12-09 110133.png"
"屏幕截图 2025-12-09 110250.png","Screenshot_20251209_110250.png","D:\A_Mycomputer\图片\Screenshots\屏幕截图 2025-12-09 110250.png"
"屏幕截图 2025-12-09 212110.png","Screenshot_20251209_212110.png","D:\A_Mycomputer\图片\Screenshots\屏幕截图 2025-12-09 212110.png"
"屏幕截图 2025-12-10 115237.png","Screenshot_20251210_115237.png","D:\A_Mycomputer\图片\Screenshots\屏幕截图 2025-12-10 115237.png"
"屏幕截图 2025-12-10 115348.png","Screenshot_20251210_115348.png","D:\A_Mycomputer\图片\Screenshots\屏幕截图 2025-12-10 115348.png"
"屏幕截图 2025-12-10 115412.png","Screenshot_20251210_115412.png","D:\A_Mycomputer\图片\Screenshots\屏幕截图 2025-12-10 115412.png"
"屏幕截图 2025-12-10 115431.png","Screenshot_20251210_115431.png","D:\A_Mycomputer\图片\Screenshots\屏幕截图 2025-12-10 115431.png"
"屏幕截图 2025-12-10 115449.png","Screenshot_20251210_115449.png","D:\A_Mycomputer\图片\Screenshots\屏幕截图 2025-12-10 115449.png"
"屏幕截图 2025-12-10 115508.png","Screenshot_20251210_115508.png","D:\A_Mycomputer\图片\Screenshots\屏幕截图 2025-12-10 115508.png"
"屏幕截图 2025-12-10 115526.png","Screenshot_20251210_115526.png","D:\A_Mycomputer\图片\Screenshots\屏幕截图 2025-12-10 115526.png"
"屏幕截图 2025-12-10 115545.png","Screenshot_20251210_115545.png","D:\A_Mycomputer\图片\Screenshots\屏幕截图 2025-12-10 115545.png"
"屏幕截图 2025-12-10 115608.png","Screenshot_20251210_115608.png","D:\A_Mycomputer\图片\Screenshots\屏幕截图 2025-12-10 115608.png"
"屏幕截图 2025-12-10 130239.png","Screenshot_20251210_130239.png","D:\A_Mycomputer\图片\Screenshots\屏幕截图 2025-12-10 130239.png"
"屏幕截图 2025-12-10 131526.png","Screenshot_20251210_131526.png","D:\A_Mycomputer\图片\Screenshots\屏幕截图 2025-12-10 131526.png"
"屏幕截图 2025-12-11 195501.png","Screenshot_20251211_195501.png","D:\A_Mycomputer\图片\Screenshots\屏幕截图 2025-12-11 195501.png"
"屏幕截图 2025-12-11 195900.png","Screenshot_20251211_195900.png","D:\A_Mycomputer\图片\Screenshots\屏幕截图 2025-12-11 195900.png"
"屏幕截图 2025-12-11 203910.png","Screenshot_20251211_203910.png","D:\A_Mycomputer\图片\Screenshots\屏幕截图 2025-12-11 203910.png"
"屏幕截图 2025-12-11 214031.png","Screenshot_20251211_214031.png","D:\A_Mycomputer\图片\Screenshots\屏幕截图 2025-12-11 214031.png"
"屏幕截图 2025-12-11 225719.png","Screenshot_20251211_225719.png","D:\A_Mycomputer\图片\Screenshots\屏幕截图 2025-12-11 225719.png"
"屏幕截图 2025-12-11 231742.png","Screenshot_20251211_231742.png","D:\A_Mycomputer\图片\Screenshots\屏幕截图 2025-12-11 231742.png"
"屏幕截图 2025-12-11 232122.png","Screenshot_20251211_232122.png","D:\A_Mycomputer\图片\Screenshots\屏幕截图 2025-12-11 232122.png"
"屏幕截图 2025-12-11 232410.png","Screenshot_20251211_232410.png","D:\A_Mycomputer\图片\Screenshots\屏幕截图 2025-12-11 232410.png"
"屏幕截图 2025-12-12 181130.png","Screenshot_20251212_181130.png","D:\A_Mycomputer\图片\Screenshots\屏幕截图 2025-12-12 181130.png"
"屏幕截图 2025-12-12 193921.png","Screenshot_20251212_193921.png","D:\A_Mycomputer\图片\Screenshots\屏幕截图 2025-12-12 193921.png"
"屏幕截图 2025-12-15 213708.png","Screenshot_20251215_213708.png","D:\A_Mycomputer\图片\Screenshots\屏幕截图 2025-12-15 213708.png"
"屏幕截图 2025-12-15 220239.png","Screenshot_20251215_220239.png","D:\A_Mycomputer\图片\Screenshots\屏幕截图 2025-12-15 220239.png"
"屏幕截图 2025-12-15 221150.png","Screenshot_20251215_221150.png","D:\A_Mycomputer\图片\Screenshots\屏幕截图 2025-12-15 221150.png"
"屏幕截图 2025-12-15 221658.png","Screenshot_20251215_221658.png","D:\A_Mycomputer\图片\Screenshots\屏幕截图 2025-12-15 221658.png"
"屏幕截图 2025-12-15 222106.png","Screenshot_20251215_222106.png","D:\A_Mycomputer\图片\Screenshots\屏幕截图 2025-12-15 222106.png"
"屏幕截图 2025-12-15 223119.png","Screenshot_20251215_223119.png","D:\A_Mycomputer\图片\Screenshots\屏幕截图 2025-12-15 223119.png"
"屏幕截图 2025-12-15 224920.png","Screenshot_20251215_224920.png","D:\A_Mycomputer\图片\Screenshots\屏幕截图 2025-12-15 224920.png"
"屏幕截图 2025-12-15 225804.png","Screenshot_20251215_225804.png","D:\A_Mycomputer\图片\Screenshots\屏幕截图 2025-12-15 225804.png"
"屏幕截图 2025-12-20 130315.png","Screenshot_20251220_130315.png","D:\A_Mycomputer\图片\Screenshots\屏幕截图 2025-12-20 130315.png"
"屏幕截图 2025-12-20 150844.png","Screenshot_20251220_150844.png","D:\A_Mycomputer\图片\Screenshots\屏幕截图 2025-12-20 150844.png"
"屏幕截图 2025-12-20 150859.png","Screenshot_20251220_150859.png","D:\A_Mycomputer\图片\Screenshots\屏幕截图 2025-12-20 150859.png"
"屏幕截图 2025-12-20 161159.png","Screenshot_20251220_161159.png","D:\A_Mycomputer\图片\Screenshots\屏幕截图 2025-12-20 161159.png"
"屏幕截图 2025-12-22 000321.png","Screenshot_20251222_000321.png","D:\A_Mycomputer\图片\Screenshots\屏幕截图 2025-12-22 000321.png"
"屏幕截图 2025-12-22 001004.png","Screenshot_20251222_001004.png","D:\A_Mycomputer\图片\Screenshots\屏幕截图 2025-12-22 001004.png"
"屏幕截图 2025-12-22 001236.png","Screenshot_20251222_001236.png","D:\A_Mycomputer\图片\Screenshots\屏幕截图 2025-12-22 001236.png"
"屏幕截图 2025-12-22 001357.png","Screenshot_20251222_001357.png","D:\A_Mycomputer\图片\Screenshots\屏幕截图 2025-12-22 001357.png"
"屏幕截图 2025-12-22 001406.png","Screenshot_20251222_001406.png","D:\A_Mycomputer\图片\Screenshots\屏幕截图 2025-12-22 001406.png"
"屏幕截图 2025-12-22 001555.png","Screenshot_20251222_001555.png","D:\A_Mycomputer\图片\Screenshots\屏幕截图 2025-12-22 001555.png"
"屏幕截图 2025-12-24 204709.png","Screenshot_20251224_204709.png","D:\A_Mycomputer\图片\Screenshots\屏幕截图 2025-12-24 204709.png"
"屏幕截图 2025-12-30 173209.png","Screenshot_20251230_173209.png","D:\A_Mycomputer\图片\Screenshots\屏幕截图 2025-12-30 173209.png"
"屏幕截图 2025-12-30 215217.png","Screenshot_20251230_215217.png","D:\A_Mycomputer\图片\Screenshots\屏幕截图 2025-12-30 215217.png"
"屏幕截图 2025-12-30 215322.png","Screenshot_20251230_215322.png","D:\A_Mycomputer\图片\Screenshots\屏幕截图 2025-12-30 215322.png"
"屏幕截图 2025-12-30 220215.png","Screenshot_20251230_220215.png","D:\A_Mycomputer\图片\Screenshots\屏幕截图 2025-12-30 220215.png"
"屏幕截图 2026-01-02 222656.png","Screenshot_20260102_222656.png","D:\A_Mycomputer\图片\Screenshots\屏幕截图 2026-01-02 222656.png"
"屏幕截图 2026-01-02 223202.png","Screenshot_20260102_223202.png","D:\A_Mycomputer\图片\Screenshots\屏幕截图 2026-01-02 223202.png"
"屏幕截图 2026-02-27 103412.png","Screenshot_20260227_103412.png","D:\A_Mycomputer\图片\Screenshots\屏幕截图 2026-02-27 103412.png"
"屏幕截图 2026-03-01 112024.png","Screenshot_20260301_112024.png","D:\A_Mycomputer\图片\Screenshots\屏幕截图 2026-03-01 112024.png"
"屏幕截图 2026-03-01 112119.png","Screenshot_20260301_112119.png","D:\A_Mycomputer\图片\Screenshots\屏幕截图 2026-03-01 112119.png"
"屏幕截图 2026-03-02 113044.png","Screenshot_20260302_113044.png","D:\A_Mycomputer\图片\Screenshots\屏幕截图 2026-03-02 113044.png"
"屏幕截图 2026-03-02 205636.png","Screenshot_20260302_205636.png","D:\A_Mycomputer\图片\Screenshots\屏幕截图 2026-03-02 205636.png"
"屏幕截图 2026-03-08 234139.png","Screenshot_20260308_234139.png","D:\A_Mycomputer\图片\Screenshots\屏幕截图 2026-03-08 234139.png"
"屏幕截图 2026-03-09 001230.png","Screenshot_20260309_001230.png","D:\A_Mycomputer\图片\Screenshots\屏幕截图 2026-03-09 001230.png"
"屏幕截图 2026-03-09 001309.png","Screenshot_20260309_001309.png","D:\A_Mycomputer\图片\Screenshots\屏幕截图 2026-03-09 001309.png"
"屏幕截图 2026-03-29 212214.png","Screenshot_20260329_212214.png","D:\A_Mycomputer\图片\Screenshots\屏幕截图 2026-03-29 212214.png"
"屏幕截图 2026-03-30 213610.png","Screenshot_20260330_213610.png","D:\A_Mycomputer\图片\Screenshots\屏幕截图 2026-03-30 213610.png"
"屏幕截图 2026-03-30 214711.png","Screenshot_20260330_214711.png","D:\A_Mycomputer\图片\Screenshots\屏幕截图 2026-03-30 214711.png"
"屏幕截图 2026-03-30 215100.png","Screenshot_20260330_215100.png","D:\A_Mycomputer\图片\Screenshots\屏幕截图 2026-03-30 215100.png"
"屏幕截图 2026-03-30 220357.png","Screenshot_20260330_220357.png","D:\A_Mycomputer\图片\Screenshots\屏幕截图 2026-03-30 220357.png"
"屏幕截图 2026-03-30 221754.png","Screenshot_20260330_221754.png","D:\A_Mycomputer\图片\Screenshots\屏幕截图 2026-03-30 221754.png"
"屏幕截图 2026-03-30 221805.png","Screenshot_20260330_221805.png","D:\A_Mycomputer\图片\Screenshots\屏幕截图 2026-03-30 221805.png"
"屏幕截图 2026-03-30 221823.png","Screenshot_20260330_221823.png","D:\A_Mycomputer\图片\Screenshots\屏幕截图 2026-03-30 221823.png"
"屏幕截图 2026-03-30 221858.png","Screenshot_20260330_221858.png","D:\A_Mycomputer\图片\Screenshots\屏幕截图 2026-03-30 221858.png"
"屏幕截图 2026-03-30 221912.png","Screenshot_20260330_221912.png","D:\A_Mycomputer\图片\Screenshots\屏幕截图 2026-03-30 221912.png"
"屏幕截图 2026-03-30 221942.png","Screenshot_20260330_221942.png","D:\A_Mycomputer\图片\Screenshots\屏幕截图 2026-03-30 221942.png"
"屏幕截图 2026-03-30 221954.png","Screenshot_20260330_221954.png","D:\A_Mycomputer\图片\Screenshots\屏幕截图 2026-03-30 221954.png"
"屏幕截图 2026-03-30 222024.png","Screenshot_20260330_222024.png","D:\A_Mycomputer\图片\Screenshots\屏幕截图 2026-03-30 222024.png"
"屏幕截图 2026-03-30 222036.png","Screenshot_20260330_222036.png","D:\A_Mycomputer\图片\Screenshots\屏幕截图 2026-03-30 222036.png"
"屏幕截图 2026-03-30 231124.png","Screenshot_20260330_231124.png","D:\A_Mycomputer\图片\Screenshots\屏幕截图 2026-03-30 231124.png"
"屏幕截图 2026-03-30 232139.png","Screenshot_20260330_232139.png","D:\A_Mycomputer\图片\Screenshots\屏幕截图 2026-03-30 232139.png"
"屏幕截图 2026-03-30 232552.png","Screenshot_20260330_232552.png","D:\A_Mycomputer\图片\Screenshots\屏幕截图 2026-03-30 232552.png"
"屏幕截图 2026-03-30 232638.png","Screenshot_20260330_232638.png","D:\A_Mycomputer\图片\Screenshots\屏幕截图 2026-03-30 232638.png"
"屏幕截图 2026-03-30 232853.png","Screenshot_20260330_232853.png","D:\A_Mycomputer\图片\Screenshots\屏幕截图 2026-03-30 232853.png"
"屏幕截图 2026-03-31 174122.png","Screenshot_20260331_174122.png","D:\A_Mycomputer\图片\Screenshots\屏幕截图 2026-03-31 174122.png"
"屏幕截图 2026-03-31 175354.png","Screenshot_20260331_175354.png","D:\A_Mycomputer\图片\Screenshots\屏幕截图 2026-03-31 175354.png"
"屏幕截图 2026-03-31 175425.png","Screenshot_20260331_175425.png","D:\A_Mycomputer\图片\Screenshots\屏幕截图 2026-03-31 175425.png"
"屏幕截图 2026-03-31 175443.png","Screenshot_20260331_175443.png","D:\A_Mycomputer\图片\Screenshots\屏幕截图 2026-03-31 175443.png"
"屏幕截图 2026-03-31 175458.png","Screenshot_20260331_175458.png","D:\A_Mycomputer\图片\Screenshots\屏幕截图 2026-03-31 175458.png"
"屏幕截图 2026-03-31 181852.png","Screenshot_20260331_181852.png","D:\A_Mycomputer\图片\Screenshots\屏幕截图 2026-03-31 181852.png"
"屏幕截图 2026-03-31 181931.png","Screenshot_20260331_181931.png","D:\A_Mycomputer\图片\Screenshots\屏幕截图 2026-03-31 181931.png"
"屏幕截图 2026-03-31 190837.png","Screenshot_20260331_190837.png","D:\A_Mycomputer\图片\Screenshots\屏幕截图 2026-03-31 190837.png"
"屏幕截图 2026-03-31 192246.png","Screenshot_20260331_192246.png","D:\A_Mycomputer\图片\Screenshots\屏幕截图 2026-03-31 192246.png"
"屏幕截图 2026-03-31 194923.png","Screenshot_20260331_194923.png","D:\A_Mycomputer\图片\Screenshots\屏幕截图 2026-03-31 194923.png"
"屏幕截图 2026-03-31 214415.png","Screenshot_20260331_214415.png","D:\A_Mycomputer\图片\Screenshots\屏幕截图 2026-03-31 214415.png"
"屏幕截图 2026-03-31 225042.png","Screenshot_20260331_225042.png","D:\A_Mycomputer\图片\Screenshots\屏幕截图 2026-03-31 225042.png"
"屏幕截图 2026-03-31 225325.png","Screenshot_20260331_225325.png","D:\A_Mycomputer\图片\Screenshots\屏幕截图 2026-03-31 225325.png"
"屏幕截图 2026-04-01 151939.png","Screenshot_20260401_151939.png","D:\A_Mycomputer\图片\Screenshots\屏幕截图 2026-04-01 151939.png"
"屏幕截图 2026-04-01 170042.png","Screenshot_20260401_170042.png","D:\A_Mycomputer\图片\Screenshots\屏幕截图 2026-04-01 170042.png"
"屏幕截图 2026-04-01 181105.png","Screenshot_20260401_181105.png","D:\A_Mycomputer\图片\Screenshots\屏幕截图 2026-04-01 181105.png"
"屏幕截图 2026-04-01 181112.png","Screenshot_20260401_181112.png","D:\A_Mycomputer\图片\Screenshots\屏幕截图 2026-04-01 181112.png"
"屏幕截图 2026-04-01 181129.png","Screenshot_20260401_181129.png","D:\A_Mycomputer\图片\Screenshots\屏幕截图 2026-04-01 181129.png"
"屏幕截图 2026-04-01 181139.png","Screenshot_20260401_181139.png","D:\A_Mycomputer\图片\Screenshots\屏幕截图 2026-04-01 181139.png"
"屏幕截图 2026-04-01 213623.png","Screenshot_20260401_213623.png","D:\A_Mycomputer\图片\Screenshots\屏幕截图 2026-04-01 213623.png"
"屏幕截图 2026-04-01 213637.png","Screenshot_20260401_213637.png","D:\A_Mycomputer\图片\Screenshots\屏幕截图 2026-04-01 213637.png"
"屏幕截图 2026-04-02 134054.png","Screenshot_20260402_134054.png","D:\A_Mycomputer\图片\Screenshots\屏幕截图 2026-04-02 134054.png"
"屏幕截图 2026-04-02 134149.png","Screenshot_20260402_134149.png","D:\A_Mycomputer\图片\Screenshots\屏幕截图 2026-04-02 134149.png"
"屏幕截图 2026-04-02 134333.png","Screenshot_20260402_134333.png","D:\A_Mycomputer\图片\Screenshots\屏幕截图 2026-04-02 134333.png"
"屏幕截图 2026-04-02 161441.png","Screenshot_20260402_161441.png","D:\A_Mycomputer\图片\Screenshots\屏幕截图 2026-04-02 161441.png"
"屏幕截图 2026-04-03 142428.png","Screenshot_20260403_142428.png","D:\A_Mycomputer\图片\Screenshots\屏幕截图 2026-04-03 142428.png"
"屏幕截图 2026-04-03 142515.png","Screenshot_20260403_142515.png","D:\A_Mycomputer\图片\Screenshots\屏幕截图 2026-04-03 142515.png"
"屏幕截图 2026-04-09 123805.png","Screenshot_20260409_123805.png","D:\A_Mycomputer\图片\Screenshots\屏幕截图 2026-04-09 123805.png"
"屏幕截图 2026-04-18 215653.png","Screenshot_20260418_215653.png","D:\A_Mycomputer\图片\Screenshots\屏幕截图 2026-04-18 215653.png"
"屏幕截图 2026-04-18 225332.png","Screenshot_20260418_225332.png","D:\A_Mycomputer\图片\Screenshots\屏幕截图 2026-04-18 225332.png"
"屏幕截图 2026-04-18 225404.png","Screenshot_20260418_225404.png","D:\A_Mycomputer\图片\Screenshots\屏幕截图 2026-04-18 225404.png"
"屏幕截图 2026-04-18 225427.png","Screenshot_20260418_225427.png","D:\A_Mycomputer\图片\Screenshots\屏幕截图 2026-04-18 225427.png"
"屏幕截图 2026-04-18 225445.png","Screenshot_20260418_225445.png","D:\A_Mycomputer\图片\Screenshots\屏幕截图 2026-04-18 225445.png"
"屏幕截图 2026-04-18 225511.png","Screenshot_20260418_225511.png","D:\A_Mycomputer\图片\Screenshots\屏幕截图 2026-04-18 225511.png"
"屏幕截图 2026-04-18 225535.png","Screenshot_20260418_225535.png","D:\A_Mycomputer\图片\Screenshots\屏幕截图 2026-04-18 225535.png"
"屏幕截图 2026-04-18 225554.png","Screenshot_20260418_225554.png","D:\A_Mycomputer\图片\Screenshots\屏幕截图 2026-04-18 225554.png"
"屏幕截图 2026-04-18 225624.png","Screenshot_20260418_225624.png","D:\A_Mycomputer\图片\Screenshots\屏幕截图 2026-04-18 225624.png"
"屏幕截图 2026-04-19 103014.png","Screenshot_20260419_103014.png","D:\A_Mycomputer\图片\Screenshots\屏幕截图 2026-04-19 103014.png"
"屏幕截图 2026-04-19 184435.png","Screenshot_20260419_184435.png","D:\A_Mycomputer\图片\Screenshots\屏幕截图 2026-04-19 184435.png"
"屏幕截图 2026-04-19 225458.png","Screenshot_20260419_225458.png","D:\A_Mycomputer\图片\Screenshots\屏幕截图 2026-04-19 225458.png"
"屏幕截图 2026-04-19 225802.png","Screenshot_20260419_225802.png","D:\A_Mycomputer\图片\Screenshots\屏幕截图 2026-04-19 225802.png"
"屏幕截图 2026-04-20 000017.png","Screenshot_20260420_000017.png","D:\A_Mycomputer\图片\Screenshots\屏幕截图 2026-04-20 000017.png"
"屏幕截图 2026-04-20 105043.png","Screenshot_20260420_105043.png","D:\A_Mycomputer\图片\Screenshots\屏幕截图 2026-04-20 105043.png"
"屏幕截图 2026-04-20 223821.png","Screenshot_20260420_223821.png","D:\A_Mycomputer\图片\Screenshots\屏幕截图 2026-04-20 223821.png"
"屏幕截图 2026-04-20 223909.png","Screenshot_20260420_223909.png","D:\A_Mycomputer\图片\Screenshots\屏幕截图 2026-04-20 223909.png"
"屏幕截图 2026-04-21 101707.png","Screenshot_20260421_101707.png","D:\A_Mycomputer\图片\Screenshots\屏幕截图 2026-04-21 101707.png"
"屏幕截图 2026-04-24 230804.png","Screenshot_20260424_230804.png","D:\A_Mycomputer\图片\Screenshots\屏幕截图 2026-04-24 230804.png"
"屏幕截图 2026-04-25 170941.png","Screenshot_20260425_170941.png","D:\A_Mycomputer\图片\Screenshots\屏幕截图 2026-04-25 170941.png"
"屏幕截图 2026-04-25 171050.png","Screenshot_20260425_171050.png","D:\A_Mycomputer\图片\Screenshots\屏幕截图 2026-04-25 171050.png"
"屏幕截图 2026-04-25 171313.png","Screenshot_20260425_171313.png","D:\A_Mycomputer\图片\Screenshots\屏幕截图 2026-04-25 171313.png"
"屏幕截图 2026-04-25 171805.png","Screenshot_20260425_171805.png","D:\A_Mycomputer\图片\Screenshots\屏幕截图 2026-04-25 171805.png"
"屏幕截图 2026-04-30 170725.png","Screenshot_20260430_170725.png","D:\A_Mycomputer\图片\Screenshots\屏幕截图 2026-04-30 170725.png"
"屏幕截图 2026-04-30 170745.png","Screenshot_20260430_170745.png","D:\A_Mycomputer\图片\Screenshots\屏幕截图 2026-04-30 170745.png"
"屏幕截图 2026-04-30 170802.png","Screenshot_20260430_170802.png","D:\A_Mycomputer\图片\Screenshots\屏幕截图 2026-04-30 170802.png"
"屏幕截图 2026-05-02 224124.png","Screenshot_20260502_224124.png","D:\A_Mycomputer\图片\Screenshots\屏幕截图 2026-05-02 224124.png"
"屏幕截图 2026-05-02 224139.png","Screenshot_20260502_224139.png","D:\A_Mycomputer\图片\Screenshots\屏幕截图 2026-05-02 224139.png"
"屏幕截图 2026-05-02 224145.png","Screenshot_20260502_224145.png","D:\A_Mycomputer\图片\Screenshots\屏幕截图 2026-05-02 224145.png"
"屏幕截图 2026-05-02 224149.png","Screenshot_20260502_224149.png","D:\A_Mycomputer\图片\Screenshots\屏幕截图 2026-05-02 224149.png"
"屏幕截图 2026-05-02 224153.png","Screenshot_20260502_224153.png","D:\A_Mycomputer\图片\Screenshots\屏幕截图 2026-05-02 224153.png"
"屏幕截图 2026-05-02 224200.png","Screenshot_20260502_224200.png","D:\A_Mycomputer\图片\Screenshots\屏幕截图 2026-05-02 224200.png"
"屏幕截图 2026-05-02 224216.png","Screenshot_20260502_224216.png","D:\A_Mycomputer\图片\Screenshots\屏幕截图 2026-05-02 224216.png"
"屏幕截图 2026-05-02 224225.png","Screenshot_20260502_224225.png","D:\A_Mycomputer\图片\Screenshots\屏幕截图 2026-05-02 224225.png"
"屏幕截图 2026-05-02 224228.png","Screenshot_20260502_224228.png","D:\A_Mycomputer\图片\Screenshots\屏幕截图 2026-05-02 224228.png"
"屏幕截图 2026-05-02 224234.png","Screenshot_20260502_224234.png","D:\A_Mycomputer\图片\Screenshots\屏幕截图 2026-05-02 224234.png"
"屏幕截图 2026-05-02 224241.png","Screenshot_20260502_224241.png","D:\A_Mycomputer\图片\Screenshots\屏幕截图 2026-05-02 224241.png"
"屏幕截图 2026-05-02 224246.png","Screenshot_20260502_224246.png","D:\A_Mycomputer\图片\Screenshots\屏幕截图 2026-05-02 224246.png"
"屏幕截图 2026-05-02 224254.png","Screenshot_20260502_224254.png","D:\A_Mycomputer\图片\Screenshots\屏幕截图 2026-05-02 224254.png"
"屏幕截图 2026-05-02 224305.png","Screenshot_20260502_224305.png","D:\A_Mycomputer\图片\Screenshots\屏幕截图 2026-05-02 224305.png"
"屏幕截图 2026-05-02 224316.png","Screenshot_20260502_224316.png","D:\A_Mycomputer\图片\Screenshots\屏幕截图 2026-05-02 224316.png"
"屏幕截图 2026-05-02 224320.png","Screenshot_20260502_224320.png","D:\A_Mycomputer\图片\Screenshots\屏幕截图 2026-05-02 224320.png"
"屏幕截图 2026-05-02 224329.png","Screenshot_20260502_224329.png","D:\A_Mycomputer\图片\Screenshots\屏幕截图 2026-05-02 224329.png"
"屏幕截图 2026-05-02 224345.png","Screenshot_20260502_224345.png","D:\A_Mycomputer\图片\Screenshots\屏幕截图 2026-05-02 224345.png"
"屏幕截图 2026-05-02 224355.png","Screenshot_20260502_224355.png","D:\A_Mycomputer\图片\Screenshots\屏幕截图 2026-05-02 224355.png"
"屏幕截图 2026-05-02 224402.png","Screenshot_20260502_224402.png","D:\A_Mycomputer\图片\Screenshots\屏幕截图 2026-05-02 224402.png"
"屏幕截图 2026-05-02 224407.png","Screenshot_20260502_224407.png","D:\A_Mycomputer\图片\Screenshots\屏幕截图 2026-05-02 224407.png"
"屏幕截图 2026-05-02 224411.png","Screenshot_20260502_224411.png","D:\A_Mycomputer\图片\Screenshots\屏幕截图 2026-05-02 224411.png"
"屏幕截图 2026-05-02 224414.png","Screenshot_20260502_224414.png","D:\A_Mycomputer\图片\Screenshots\屏幕截图 2026-05-02 224414.png"
"屏幕截图 2026-05-02 224418.png","Screenshot_20260502_224418.png","D:\A_Mycomputer\图片\Screenshots\屏幕截图 2026-05-02 224418.png"
"屏幕截图 2026-05-02 224431.png","Screenshot_20260502_224431.png","D:\A_Mycomputer\图片\Screenshots\屏幕截图 2026-05-02 224431.png"
"屏幕截图 2026-05-02 224443.png","Screenshot_20260502_224443.png","D:\A_Mycomputer\图片\Screenshots\屏幕截图 2026-05-02 224443.png"
"屏幕截图 2026-05-02 225240.png","Screenshot_20260502_225240.png","D:\A_Mycomputer\图片\Screenshots\屏幕截图 2026-05-02 225240.png"
"屏幕截图 2026-05-02 225243.png","Screenshot_20260502_225243.png","D:\A_Mycomputer\图片\Screenshots\屏幕截图 2026-05-02 225243.png"
"屏幕截图 2026-05-02 225245.png","Screenshot_20260502_225245.png","D:\A_Mycomputer\图片\Screenshots\屏幕截图 2026-05-02 225245.png"
"屏幕截图 2026-05-02 225254.png","Screenshot_20260502_225254.png","D:\A_Mycomputer\图片\Screenshots\屏幕截图 2026-05-02 225254.png"
"屏幕截图 2026-05-02 225259.png","Screenshot_20260502_225259.png","D:\A_Mycomputer\图片\Screenshots\屏幕截图 2026-05-02 225259.png"
"屏幕截图 2026-05-02 225303.png","Screenshot_20260502_225303.png","D:\A_Mycomputer\图片\Screenshots\屏幕截图 2026-05-02 225303.png"
"屏幕截图 2026-05-02 225314.png","Screenshot_20260502_225314.png","D:\A_Mycomputer\图片\Screenshots\屏幕截图 2026-05-02 225314.png"
"屏幕截图 2026-05-02 225318.png","Screenshot_20260502_225318.png","D:\A_Mycomputer\图片\Screenshots\屏幕截图 2026-05-02 225318.png"
"屏幕截图 2026-05-02 225322.png","Screenshot_20260502_225322.png","D:\A_Mycomputer\图片\Screenshots\屏幕截图 2026-05-02 225322.png"
"屏幕截图 2026-05-02 225324.png","Screenshot_20260502_225324.png","D:\A_Mycomputer\图片\Screenshots\屏幕截图 2026-05-02 225324.png"
"屏幕截图 2026-05-02 225328.png","Screenshot_20260502_225328.png","D:\A_Mycomputer\图片\Screenshots\屏幕截图 2026-05-02 225328.png"
"屏幕截图 2026-05-02 225331.png","Screenshot_20260502_225331.png","D:\A_Mycomputer\图片\Screenshots\屏幕截图 2026-05-02 225331.png"
"屏幕截图 2026-05-02 225334.png","Screenshot_20260502_225334.png","D:\A_Mycomputer\图片\Screenshots\屏幕截图 2026-05-02 225334.png"
"屏幕截图 2026-05-02 225336.png","Screenshot_20260502_225336.png","D:\A_Mycomputer\图片\Screenshots\屏幕截图 2026-05-02 225336.png"
"屏幕截图 2026-05-02 225339.png","Screenshot_20260502_225339.png","D:\A_Mycomputer\图片\Screenshots\屏幕截图 2026-05-02 225339.png"
"屏幕截图 2026-05-02 225341.png","Screenshot_20260502_225341.png","D:\A_Mycomputer\图片\Screenshots\屏幕截图 2026-05-02 225341.png"
"屏幕截图 2026-05-02 225344.png","Screenshot_20260502_225344.png","D:\A_Mycomputer\图片\Screenshots\屏幕截图 2026-05-02 225344.png"
"屏幕截图 2026-05-02 225347.png","Screenshot_20260502_225347.png","D:\A_Mycomputer\图片\Screenshots\屏幕截图 2026-05-02 225347.png"
"屏幕截图 2026-05-02 225349.png","Screenshot_20260502_225349.png","D:\A_Mycomputer\图片\Screenshots\屏幕截图 2026-05-02 225349.png"
"屏幕截图 2026-05-02 225352.png","Screenshot_20260502_225352.png","D:\A_Mycomputer\图片\Screenshots\屏幕截图 2026-05-02 225352.png"
"屏幕截图 2026-05-02 225354.png","Screenshot_20260502_225354.png","D:\A_Mycomputer\图片\Screenshots\屏幕截图 2026-05-02 225354.png"
"屏幕截图 2026-05-02 225357.png","Screenshot_20260502_225357.png","D:\A_Mycomputer\图片\Screenshots\屏幕截图 2026-05-02 225357.png"
"屏幕截图 2026-05-02 225428.png","Screenshot_20260502_225428.png","D:\A_Mycomputer\图片\Screenshots\屏幕截图 2026-05-02 225428.png"
"屏幕截图 2026-05-02 225433.png","Screenshot_20260502_225433.png","D:\A_Mycomputer\图片\Screenshots\屏幕截图 2026-05-02 225433.png"
"屏幕截图 2026-05-02 225436.png","Screenshot_20260502_225436.png","D:\A_Mycomputer\图片\Screenshots\屏幕截图 2026-05-02 225436.png"
"屏幕截图 2026-05-02 225443.png","Screenshot_20260502_225443.png","D:\A_Mycomputer\图片\Screenshots\屏幕截图 2026-05-02 225443.png"
"屏幕截图 2026-05-02 225448.png","Screenshot_20260502_225448.png","D:\A_Mycomputer\图片\Screenshots\屏幕截图 2026-05-02 225448.png"
"屏幕截图 2026-05-02 225452.png","Screenshot_20260502_225452.png","D:\A_Mycomputer\图片\Screenshots\屏幕截图 2026-05-02 225452.png"
"屏幕截图 2026-05-02 225455.png","Screenshot_20260502_225455.png","D:\A_Mycomputer\图片\Screenshots\屏幕截图 2026-05-02 225455.png"
"屏幕截图 2026-05-03 175459.png","Screenshot_20260503_175459.png","D:\A_Mycomputer\图片\Screenshots\屏幕截图 2026-05-03 175459.png"
"屏幕截图 2026-05-05 171834.png","Screenshot_20260505_171834.png","D:\A_Mycomputer\图片\Screenshots\屏幕截图 2026-05-05 171834.png"
"屏幕截图 2026-05-05 202502.png","Screenshot_20260505_202502.png","D:\A_Mycomputer\图片\Screenshots\屏幕截图 2026-05-05 202502.png"
"屏幕截图 2026-05-05 203126.png","Screenshot_20260505_203126.png","D:\A_Mycomputer\图片\Screenshots\屏幕截图 2026-05-05 203126.png"
"屏幕截图 2026-05-05 205652.png","Screenshot_20260505_205652.png","D:\A_Mycomputer\图片\Screenshots\屏幕截图 2026-05-05 205652.png"
"屏幕截图 2026-05-05 205707.png","Screenshot_20260505_205707.png","D:\A_Mycomputer\图片\Screenshots\屏幕截图 2026-05-05 205707.png"
"屏幕截图 2026-05-05 230805.png","Screenshot_20260505_230805.png","D:\A_Mycomputer\图片\Screenshots\屏幕截图 2026-05-05 230805.png"
"屏幕截图 2026-05-05 230839.png","Screenshot_20260505_230839.png","D:\A_Mycomputer\图片\Screenshots\屏幕截图 2026-05-05 230839.png"
"屏幕截图 2026-05-05 231920.png","Screenshot_20260505_231920.png","D:\A_Mycomputer\图片\Screenshots\屏幕截图 2026-05-05 231920.png"
"屏幕截图 2026-05-05 232043.png","Screenshot_20260505_232043.png","D:\A_Mycomputer\图片\Screenshots\屏幕截图 2026-05-05 232043.png"
"屏幕截图 2026-05-05 232651.png","Screenshot_20260505_232651.png","D:\A_Mycomputer\图片\Screenshots\屏幕截图 2026-05-05 232651.png"
"屏幕截图 2026-05-05 235951.png","Screenshot_20260505_235951.png","D:\A_Mycomputer\图片\Screenshots\屏幕截图 2026-05-05 235951.png"
"屏幕截图 2026-05-06 000445.png","Screenshot_20260506_000445.png","D:\A_Mycomputer\图片\Screenshots\屏幕截图 2026-05-06 000445.png"
"屏幕截图 2026-05-08 095226.png","Screenshot_20260508_095226.png","D:\A_Mycomputer\图片\Screenshots\屏幕截图 2026-05-08 095226.png"
"屏幕截图 2026-05-08 095429.png","Screenshot_20260508_095429.png","D:\A_Mycomputer\图片\Screenshots\屏幕截图 2026-05-08 095429.png"
"屏幕截图 2026-05-08 095452.png","Screenshot_20260508_095452.png","D:\A_Mycomputer\图片\Screenshots\屏幕截图 2026-05-08 095452.png"
"屏幕截图 2026-05-08 095515.png","Screenshot_20260508_095515.png","D:\A_Mycomputer\图片\Screenshots\屏幕截图 2026-05-08 095515.png"
"屏幕截图 2026-05-08 095604.png","Screenshot_20260508_095604.png","D:\A_Mycomputer\图片\Screenshots\屏幕截图 2026-05-08 095604.png"
"屏幕截图 2026-05-08 095619.png","Screenshot_20260508_095619.png","D:\A_Mycomputer\图片\Screenshots\屏幕截图 2026-05-08 095619.png"
"屏幕截图 2026-05-08 095735.png","Screenshot_20260508_095735.png","D:\A_Mycomputer\图片\Screenshots\屏幕截图 2026-05-08 095735.png"
"屏幕截图 2026-05-08 205623.png","Screenshot_20260508_205623.png","D:\A_Mycomputer\图片\Screenshots\屏幕截图 2026-05-08 205623.png"
"屏幕截图 2026-05-14 164006.png","Screenshot_20260514_164006.png","D:\A_Mycomputer\图片\Screenshots\屏幕截图 2026-05-14 164006.png"
"屏幕截图 2026-05-15 194703.png","Screenshot_20260515_194703.png","D:\A_Mycomputer\图片\Screenshots\屏幕截图 2026-05-15 194703.png"
"屏幕截图 2026-05-15 194913.png","Screenshot_20260515_194913.png","D:\A_Mycomputer\图片\Screenshots\屏幕截图 2026-05-15 194913.png"
"屏幕截图 2026-05-15 195840.png","Screenshot_20260515_195840.png","D:\A_Mycomputer\图片\Screenshots\屏幕截图 2026-05-15 195840.png"
"屏幕截图 2026-05-15 195907.png","Screenshot_20260515_195907.png","D:\A_Mycomputer\图片\Screenshots\屏幕截图 2026-05-15 195907.png"
"屏幕截图 2026-05-15 195928.png","Screenshot_20260515_195928.png","D:\A_Mycomputer\图片\Screenshots\屏幕截图 2026-05-15 195928.png"
"屏幕截图 2026-05-15 200009.png","Screenshot_20260515_200009.png","D:\A_Mycomputer\图片\Screenshots\屏幕截图 2026-05-15 200009.png"
"屏幕截图 2026-05-15 200021.png","Screenshot_20260515_200021.png","D:\A_Mycomputer\图片\Screenshots\屏幕截图 2026-05-15 200021.png"
"屏幕截图 2026-05-15 200033.png","Screenshot_20260515_200033.png","D:\A_Mycomputer\图片\Screenshots\屏幕截图 2026-05-15 200033.png"
"屏幕截图 2026-05-15 200051.png","Screenshot_20260515_200051.png","D:\A_Mycomputer\图片\Screenshots\屏幕截图 2026-05-15 200051.png"
"屏幕截图 2026-05-15 200943.png","Screenshot_20260515_200943.png","D:\A_Mycomputer\图片\Screenshots\屏幕截图 2026-05-15 200943.png"
"屏幕截图 2026-05-15 203205.png","Screenshot_20260515_203205.png","D:\A_Mycomputer\图片\Screenshots\屏幕截图 2026-05-15 203205.png"
"屏幕截图 2026-05-15 213001.png","Screenshot_20260515_213001.png","D:\A_Mycomputer\图片\Screenshots\屏幕截图 2026-05-15 213001.png"
"屏幕截图 2026-05-15 213108.png","Screenshot_20260515_213108.png","D:\A_Mycomputer\图片\Screenshots\屏幕截图 2026-05-15 213108.png"
"屏幕截图 2026-05-16 133856.png","Screenshot_20260516_133856.png","D:\A_Mycomputer\图片\Screenshots\屏幕截图 2026-05-16 133856.png"
"屏幕截图 2026-05-16 134020.png","Screenshot_20260516_134020.png","D:\A_Mycomputer\图片\Screenshots\屏幕截图 2026-05-16 134020.png"
"屏幕截图 2026-05-16 134603.png","Screenshot_20260516_134603.png","D:\A_Mycomputer\图片\Screenshots\屏幕截图 2026-05-16 134603.png"
"屏幕截图 2026-05-16 135450.png","Screenshot_20260516_135450.png","D:\A_Mycomputer\图片\Screenshots\屏幕截图 2026-05-16 135450.png"
"屏幕截图 2026-05-16 152953.png","Screenshot_20260516_152953.png","D:\A_Mycomputer\图片\Screenshots\屏幕截图 2026-05-16 152953.png"
"屏幕截图 2026-05-16 155306.png","Screenshot_20260516_155306.png","D:\A_Mycomputer\图片\Screenshots\屏幕截图 2026-05-16 155306.png"
"屏幕截图 2026-05-16 162122.png","Screenshot_20260516_162122.png","D:\A_Mycomputer\图片\Screenshots\屏幕截图 2026-05-16 162122.png"
"屏幕截图 2026-05-16 162557.png","Screenshot_20260516_162557.png","D:\A_Mycomputer\图片\Screenshots\屏幕截图 2026-05-16 162557.png"
"屏幕截图 2026-05-16 162614.png","Screenshot_20260516_162614.png","D:\A_Mycomputer\图片\Screenshots\屏幕截图 2026-05-16 162614.png"
"屏幕截图 2026-05-16 162943.png","Screenshot_20260516_162943.png","D:\A_Mycomputer\图片\Screenshots\屏幕截图 2026-05-16 162943.png"
"屏幕截图 2026-05-16 163025.png","Screenshot_20260516_163025.png","D:\A_Mycomputer\图片\Screenshots\屏幕截图 2026-05-16 163025.png"
"屏幕截图 2026-05-16 163041.png","Screenshot_20260516_163041.png","D:\A_Mycomputer\图片\Screenshots\屏幕截图 2026-05-16 163041.png"
"屏幕截图 2026-05-16 170237.png","Screenshot_20260516_170237.png","D:\A_Mycomputer\图片\Screenshots\屏幕截图 2026-05-16 170237.png"
"屏幕截图 2026-05-21 224221.png","Screenshot_20260521_224221.png","D:\A_Mycomputer\图片\Screenshots\屏幕截图 2026-05-21 224221.png"
"屏幕截图 2026-05-21 224257.png","Screenshot_20260521_224257.png","D:\A_Mycomputer\图片\Screenshots\屏幕截图 2026-05-21 224257.png"
"屏幕截图 2026-05-21 224644.png","Screenshot_20260521_224644.png","D:\A_Mycomputer\图片\Screenshots\屏幕截图 2026-05-21 224644.png"
"屏幕截图 2026-05-21 224721.png","Screenshot_20260521_224721.png","D:\A_Mycomputer\图片\Screenshots\屏幕截图 2026-05-21 224721.png"
"屏幕截图 2026-05-21 224729.png","Screenshot_20260521_224729.png","D:\A_Mycomputer\图片\Screenshots\屏幕截图 2026-05-21 224729.png"
"屏幕截图 2026-05-22 231435.png","Screenshot_20260522_231435.png","D:\A_Mycomputer\图片\Screenshots\屏幕截图 2026-05-22 231435.png"
"屏幕截图 2026-05-25 160915.png","Screenshot_20260525_160915.png","D:\A_Mycomputer\图片\Screenshots\屏幕截图 2026-05-25 160915.png"
"屏幕截图 2026-05-25 161324.png","Screenshot_20260525_161324.png","D:\A_Mycomputer\图片\Screenshots\屏幕截图 2026-05-25 161324.png"
"屏幕截图 2026-05-25 161429.png","Screenshot_20260525_161429.png","D:\A_Mycomputer\图片\Screenshots\屏幕截图 2026-05-25 161429.png"
"屏幕截图 2026-05-25 162851.png","Screenshot_20260525_162851.png","D:\A_Mycomputer\图片\Screenshots\屏幕截图 2026-05-25 162851.png"
"屏幕截图 2026-05-26 134712.png","Screenshot_20260526_134712.png","D:\A_Mycomputer\图片\Screenshots\屏幕截图 2026-05-26 134712.png"
"屏幕截图 2026-05-26 134729.png","Screenshot_20260526_134729.png","D:\A_Mycomputer\图片\Screenshots\屏幕截图 2026-05-26 134729.png"
"屏幕截图 2026-05-26 134852.png","Screenshot_20260526_134852.png","D:\A_Mycomputer\图片\Screenshots\屏幕截图 2026-05-26 134852.png"
"屏幕截图 2026-05-26 134919.png","Screenshot_20260526_134919.png","D:\A_Mycomputer\图片\Screenshots\屏幕截图 2026-05-26 134919.png"
"屏幕截图 2026-05-26 134959.png","Screenshot_20260526_134959.png","D:\A_Mycomputer\图片\Screenshots\屏幕截图 2026-05-26 134959.png"
"屏幕截图 2026-05-26 135015.png","Screenshot_20260526_135015.png","D:\A_Mycomputer\图片\Screenshots\屏幕截图 2026-05-26 135015.png"
"屏幕截图 2026-05-26 135029.png","Screenshot_20260526_135029.png","D:\A_Mycomputer\图片\Screenshots\屏幕截图 2026-05-26 135029.png"
"屏幕截图 2026-05-26 135048.png","Screenshot_20260526_135048.png","D:\A_Mycomputer\图片\Screenshots\屏幕截图 2026-05-26 135048.png"
"屏幕截图 2026-05-26 135104.png","Screenshot_20260526_135104.png","D:\A_Mycomputer\图片\Screenshots\屏幕截图 2026-05-26 135104.png"
"屏幕截图 2026-05-26 135115.png","Screenshot_20260526_135115.png","D:\A_Mycomputer\图片\Screenshots\屏幕截图 2026-05-26 135115.png"
"屏幕截图 2026-05-26 135503.png","Screenshot_20260526_135503.png","D:\A_Mycomputer\图片\Screenshots\屏幕截图 2026-05-26 135503.png"
"屏幕截图 2026-05-26 135724.png","Screenshot_20260526_135724.png","D:\A_Mycomputer\图片\Screenshots\屏幕截图 2026-05-26 135724.png"
"屏幕截图 2026-05-26 135947.png","Screenshot_20260526_135947.png","D:\A_Mycomputer\图片\Screenshots\屏幕截图 2026-05-26 135947.png"
"屏幕截图 2026-05-26 141919.png","Screenshot_20260526_141919.png","D:\A_Mycomputer\图片\Screenshots\屏幕截图 2026-05-26 141919.png"
"屏幕截图 2026-05-27 154447.png","Screenshot_20260527_154447.png","D:\A_Mycomputer\图片\Screenshots\屏幕截图 2026-05-27 154447.png"
"屏幕截图 2026-05-27 233429.png","Screenshot_20260527_233429.png","D:\A_Mycomputer\图片\Screenshots\屏幕截图 2026-05-27 233429.png"
"屏幕截图 2026-05-28 150142.png","Screenshot_20260528_150142.png","D:\A_Mycomputer\图片\Screenshots\屏幕截图 2026-05-28 150142.png"
"屏幕截图 2026-05-28 162158.png","Screenshot_20260528_162158.png","D:\A_Mycomputer\图片\Screenshots\屏幕截图 2026-05-28 162158.png"
"屏幕截图 2026-06-07 103535.png","Screenshot_20260607_103535.png","D:\A_Mycomputer\图片\Screenshots\屏幕截图 2026-06-07 103535.png"
"屏幕截图 2026-06-07 111312.png","Screenshot_20260607_111312.png","D:\A_Mycomputer\图片\Screenshots\屏幕截图 2026-06-07 111312.png"
"屏幕截图 2026-06-07 111324.png","Screenshot_20260607_111324.png","D:\A_Mycomputer\图片\Screenshots\屏幕截图 2026-06-07 111324.png"
"屏幕截图 2026-06-12 100247.png","Screenshot_20260612_100247.png","D:\A_Mycomputer\图片\Screenshots\屏幕截图 2026-06-12 100247.png"
"屏幕截图 2026-06-12 100353.png","Screenshot_20260612_100353.png","D:\A_Mycomputer\图片\Screenshots\屏幕截图 2026-06-12 100353.png"
"屏幕截图 2026-06-12 101753.png","Screenshot_20260612_101753.png","D:\A_Mycomputer\图片\Screenshots\屏幕截图 2026-06-12 101753.png"
"屏幕截图 2026-06-12 101810.png","Screenshot_20260612_101810.png","D:\A_Mycomputer\图片\Screenshots\屏幕截图 2026-06-12 101810.png"
"屏幕截图 2026-06-12 101823.png","Screenshot_20260612_101823.png","D:\A_Mycomputer\图片\Screenshots\屏幕截图 2026-06-12 101823.png"
"屏幕截图 2026-06-12 101842.png","Screenshot_20260612_101842.png","D:\A_Mycomputer\图片\Screenshots\屏幕截图 2026-06-12 101842.png"
"屏幕截图 2026-06-12 101857.png","Screenshot_20260612_101857.png","D:\A_Mycomputer\图片\Screenshots\屏幕截图 2026-06-12 101857.png"
"屏幕截图 2026-06-12 101925.png","Screenshot_20260612_101925.png","D:\A_Mycomputer\图片\Screenshots\屏幕截图 2026-06-12 101925.png"
"屏幕截图 2026-06-12 102018.png","Screenshot_20260612_102018.png","D:\A_Mycomputer\图片\Screenshots\屏幕截图 2026-06-12 102018.png"
"屏幕截图 2026-06-14 102758.png","Screenshot_20260614_102758.png","D:\A_Mycomputer\图片\Screenshots\屏幕截图 2026-06-14 102758.png"
"屏幕截图 2026-06-14 222445.png","Screenshot_20260614_222445.png","D:\A_Mycomputer\图片\Screenshots\屏幕截图 2026-06-14 222445.png"
"屏幕截图 2026-06-14 223104.png","Screenshot_20260614_223104.png","D:\A_Mycomputer\图片\Screenshots\屏幕截图 2026-06-14 223104.png"
"屏幕截图 2026-06-15 105141.png","Screenshot_20260615_105141.png","D:\A_Mycomputer\图片\Screenshots\屏幕截图 2026-06-15 105141.png"
"屏幕截图 2026-06-18 185401.png","Screenshot_20260618_185401.png","D:\A_Mycomputer\图片\Screenshots\屏幕截图 2026-06-18 185401.png"
"屏幕截图 2026-06-18 185555.png","Screenshot_20260618_185555.png","D:\A_Mycomputer\图片\Screenshots\屏幕截图 2026-06-18 185555.png"
"屏幕截图 2026-06-24 105244.png","Screenshot_20260624_105244.png","D:\A_Mycomputer\图片\Screenshots\屏幕截图 2026-06-24 105244.png"
"屏幕截图 2026-06-24 105609.png","Screenshot_20260624_105609.png","D:\A_Mycomputer\图片\Screenshots\屏幕截图 2026-06-24 105609.png"
"屏幕截图 2026-06-24 111122.png","Screenshot_20260624_111122.png","D:\A_Mycomputer\图片\Screenshots\屏幕截图 2026-06-24 111122.png"
"屏幕截图 2026-06-24 111557.png","Screenshot_20260624_111557.png","D:\A_Mycomputer\图片\Screenshots\屏幕截图 2026-06-24 111557.png"
"屏幕截图 2026-06-24 112551.png","Screenshot_20260624_112551.png","D:\A_Mycomputer\图片\Screenshots\屏幕截图 2026-06-24 112551.png"
"屏幕截图 2026-06-24 120025.png","Screenshot_20260624_120025.png","D:\A_Mycomputer\图片\Screenshots\屏幕截图 2026-06-24 120025.png"
"屏幕截图 2026-06-24 122825.png","Screenshot_20260624_122825.png","D:\A_Mycomputer\图片\Screenshots\屏幕截图 2026-06-24 122825.png"
"屏幕截图 2026-06-25 132818.png","Screenshot_20260625_132818.png","D:\A_Mycomputer\图片\Screenshots\屏幕截图 2026-06-25 132818.png"
"屏幕截图 2026-06-25 132840.png","Screenshot_20260625_132840.png","D:\A_Mycomputer\图片\Screenshots\屏幕截图 2026-06-25 132840.png"
"屏幕截图 2026-06-25 132853.png","Screenshot_20260625_132853.png","D:\A_Mycomputer\图片\Screenshots\屏幕截图 2026-06-25 132853.png"
"屏幕截图 2026-06-25 132901.png","Screenshot_20260625_132901.png","D:\A_Mycomputer\图片\Screenshots\屏幕截图 2026-06-25 132901.png"
"屏幕截图 2026-06-25 133322.png","Screenshot_20260625_133322.png","D:\A_Mycomputer\图片\Screenshots\屏幕截图 2026-06-25 133322.png"
"屏幕截图 2026-06-25 133337.png","Screenshot_20260625_133337.png","D:\A_Mycomputer\图片\Screenshots\屏幕截图 2026-06-25 133337.png"
"屏幕截图 2026-06-25 133350.png","Screenshot_20260625_133350.png","D:\A_Mycomputer\图片\Screenshots\屏幕截图 2026-06-25 133350.png"
"屏幕截图 2026-06-25 133357.png","Screenshot_20260625_133357.png","D:\A_Mycomputer\图片\Screenshots\屏幕截图 2026-06-25 133357.png"
"屏幕截图 2026-06-25 135324.png","Screenshot_20260625_135324.png","D:\A_Mycomputer\图片\Screenshots\屏幕截图 2026-06-25 135324.png"
"屏幕截图 2026-06-25 135423.png","Screenshot_20260625_135423.png","D:\A_Mycomputer\图片\Screenshots\屏幕截图 2026-06-25 135423.png"
"屏幕截图 2026-06-25 135439.png","Screenshot_20260625_135439.png","D:\A_Mycomputer\图片\Screenshots\屏幕截图 2026-06-25 135439.png"
"屏幕截图 2026-06-25 135539.png","Screenshot_20260625_135539.png","D:\A_Mycomputer\图片\Screenshots\屏幕截图 2026-06-25 135539.png"
"屏幕截图 2026-06-25 135556.png","Screenshot_20260625_135556.png","D:\A_Mycomputer\图片\Screenshots\屏幕截图 2026-06-25 135556.png"
"屏幕截图 2026-06-25 135632.png","Screenshot_20260625_135632.png","D:\A_Mycomputer\图片\Screenshots\屏幕截图 2026-06-25 135632.png"
"屏幕截图 2026-06-25 135644.png","Screenshot_20260625_135644.png","D:\A_Mycomputer\图片\Screenshots\屏幕截图 2026-06-25 135644.png"
"屏幕截图 2026-06-25 135656.png","Screenshot_20260625_135656.png","D:\A_Mycomputer\图片\Screenshots\屏幕截图 2026-06-25 135656.png"
"屏幕截图 2026-06-25 135708.png","Screenshot_20260625_135708.png","D:\A_Mycomputer\图片\Screenshots\屏幕截图 2026-06-25 135708.png"
"屏幕截图 2026-07-26 094339.png","Screenshot_20260726_094339.png","D:\A_Mycomputer\图片\Screenshots\屏幕截图 2026-07-26 094339.png"
"屏幕截图 2026-07-26 201805.png","Screenshot_20260726_201805.png","D:\A_Mycomputer\图片\Screenshots\屏幕截图 2026-07-26 201805.png"
"屏幕截图 2026-07-30 152706.png","Screenshot_20260730_152706.png","D:\A_Mycomputer\图片\Screenshots\屏幕截图 2026-07-30 152706.png"
"屏幕截图 2026-08-01 162259.png","Screenshot_20260801_162259.png","D:\A_Mycomputer\图片\Screenshots\屏幕截图 2026-08-01 162259.png"
"屏幕截图 2026-08-01 165534.png","Screenshot_20260801_165534.png","D:\A_Mycomputer\图片\Screenshots\屏幕截图 2026-08-01 165534.png"
"屏幕截图 2026-08-01 171050.png","Screenshot_20260801_171050.png","D:\A_Mycomputer\图片\Screenshots\屏幕截图 2026-08-01 171050.png"
"屏幕截图 2026-08-01 171246.png","Screenshot_20260801_171246.png","D:\A_Mycomputer\图片\Screenshots\屏幕截图 2026-08-01 171246.png"
"屏幕截图 2026-08-01 204913.png","Screenshot_20260801_204913.png","D:\A_Mycomputer\图片\Screenshots\屏幕截图 2026-08-01 204913.png"
"屏幕截图 2026-08-19 112429.png","Screenshot_20260819_112429.png","D:\A_Mycomputer\图片\Screenshots\屏幕截图 2026-08-19 112429.png"
"屏幕截图 2026-08-19 123107.png","Screenshot_20260819_123107.png","D:\A_Mycomputer\图片\Screenshots\屏幕截图 2026-08-19 123107.png"
"屏幕截图 2026-08-19 123711.png","Screenshot_20260819_123711.png","D:\A_Mycomputer\图片\Screenshots\屏幕截图 2026-08-19 123711.png"
"屏幕截图 2026-08-19 124040.png","Screenshot_20260819_124040.png","D:\A_Mycomputer\图片\Screenshots\屏幕截图 2026-08-19 124040.png"
"屏幕截图 2026-08-19 124457.png","Screenshot_20260819_124457.png","D:\A_Mycomputer\图片\Screenshots\屏幕截图 2026-08-19 124457.png"
"屏幕截图 2026-08-19 124543.png","Screenshot_20260819_124543.png","D:\A_Mycomputer\图片\Screenshots\屏幕截图 2026-08-19 124543.png"
"屏幕截图 2026-08-19 210722.png","Screenshot_20260819_210722.png","D:\A_Mycomputer\图片\Screenshots\屏幕截图 2026-08-19 210722.png"
"屏幕截图 2026-08-19 214841.png","Screenshot_20260819_214841.png","D:\A_Mycomputer\图片\Screenshots\屏幕截图 2026-08-19 214841.png"
"屏幕截图 2026-08-19 214906.png","Screenshot_20260819_214906.png","D:\A_Mycomputer\图片\Screenshots\屏幕截图 2026-08-19 214906.png"
"屏幕截图 2026-08-19 215242.png","Screenshot_20260819_215242.png","D:\A_Mycomputer\图片\Screenshots\屏幕截图 2026-08-19 215242.png"
"屏幕截图 2026-08-19 224313.png","Screenshot_20260819_224313.png","D:\A_Mycomputer\图片\Screenshots\屏幕截图 2026-08-19 224313.png"
"屏幕截图 2026-08-19 234443.png","Screenshot_20260819_234443.png","D:\A_Mycomputer\图片\Screenshots\屏幕截图 2026-08-19 234443.png"
"屏幕截图 2026-09-01 183431.png","Screenshot_20260901_183431.png","D:\A_Mycomputer\图片\Screenshots\屏幕截图 2026-09-01 183431.png"
"屏幕截图 2026-09-01 183537.png","Screenshot_20260901_183537.png","D:\A_Mycomputer\图片\Screenshots\屏幕截图 2026-09-01 183537.png"
